<?xml version="1.0" encoding="UTF-8"?>

<templates>
    <t t-inherit="website_sale_stock.product_availability" t-inherit-mode="extension">
        <xpath expr="//div[@id='out_of_stock_message']/t[@t-elif]" position="replace">
            <t t-elif="!allow_out_of_stock_order or show_availability">
                <div class="text-danger fw-bold">
                    <i class="fa fa-times me-1"/>
                    Out of Stock
                </div>
            </t>
        </xpath>
    </t>
</templates>