<?xml version="1.0" encoding="utf-8"?>
<odoo>
    <!-- Royal Mail Carrier for Star Seed -->
    <record id="delivery_carrier_royal_mail" model="delivery.carrier">
        <field name="name">Royal Mail - Star Seed</field>
        <field name="delivery_type">fixed</field>
        <field name="product_id" ref="shipping_integration_module.product_shipping_royal_mail"/>
        <field name="is_royal_mail" eval="True"/>
        <field name="profit_margin_min">0.50</field>
        <field name="profit_margin_max">1.00</field>
        <field name="fixed_price">4.50</field>
        <field name="sequence">10</field>
    </record>

    <!-- Evri Postable Carrier for Discovery Kits -->
    <record id="delivery_carrier_evri_postable" model="delivery.carrier">
        <field name="name">Evri Postable - Discovery Kits</field>
        <field name="delivery_type">fixed</field>
        <field name="product_id" ref="shipping_integration_module.product_shipping_evri_postable"/>
        <field name="is_evri_postable" eval="True"/>
        <field name="profit_margin_min">0.50</field>
        <field name="profit_margin_max">1.00</field>
        <field name="fixed_price">3.45</field>
        <field name="sequence">20</field>
    </record>

    <!-- Evri 0-1kg Carrier for Standard Products -->
    <record id="delivery_carrier_evri_standard" model="delivery.carrier">
        <field name="name">Evri 0-1kg - Standard</field>
        <field name="delivery_type">fixed</field>
        <field name="product_id" ref="shipping_integration_module.product_shipping_evri_standard"/>
        <field name="is_evri_standard" eval="True"/>
        <field name="profit_margin_min">0.50</field>
        <field name="profit_margin_max">1.00</field>
        <field name="fixed_price">4.75</field>
        <field name="sequence">30</field>
    </record>

    <!-- Shipping Products -->
    <record id="product_shipping_royal_mail" model="product.product">
        <field name="name">Royal Mail Shipping</field>
        <field name="type">service</field>
        <field name="categ_id" ref="product.product_category_all"/>
        <field name="list_price">4.50</field>
        <field name="sale_ok" eval="False"/>
        <field name="purchase_ok" eval="False"/>
        <field name="invoice_policy">order</field>
    </record>

    <record id="product_shipping_evri_postable" model="product.product">
        <field name="name">Evri Postable Shipping</field>
        <field name="type">service</field>
        <field name="categ_id" ref="product.product_category_all"/>
        <field name="list_price">3.45</field>
        <field name="sale_ok" eval="False"/>
        <field name="purchase_ok" eval="False"/>
        <field name="invoice_policy">order</field>
    </record>

    <record id="product_shipping_evri_standard" model="product.product">
        <field name="name">Evri 0-1kg Shipping</field>
        <field name="type">service</field>
        <field name="categ_id" ref="product.product_category_all"/>
        <field name="list_price">4.75</field>
        <field name="sale_ok" eval="False"/>
        <field name="purchase_ok" eval="False"/>
        <field name="invoice_policy">order</field>
    </record>

    <!-- Cron Job for Tracking Updates -->
    <record id="cron_update_shipping_status" model="ir.cron">
        <field name="name">Update Shipping Status</field>
        <field name="model_id" ref="stock.model_stock_picking"/>
        <field name="state">code</field>
        <field name="code">model._cron_update_shipping_status()</field>
        <field name="interval_number">1</field>
        <field name="interval_type">hours</field>
        <field name="numbercall">-1</field>
        <field name="active" eval="True"/>
    </record>

    <!-- Cron Job for Low Stock Alerts -->
    <record id="cron_low_stock_alerts" model="ir.cron">
        <field name="name">Check Low Stock Alerts</field>
        <field name="model_id" ref="product.model_product_template"/>
        <field name="state">code</field>
        <field name="code">model.check_low_stock_alerts()</field>
        <field name="interval_number">1</field>
        <field name="interval_type">days</field>
        <field name="numbercall">-1</field>
        <field name="active" eval="True"/>
    </record>
</odoo>