<?xml version="1.0" encoding="utf-8"?>
<odoo>
    <!-- Star Seed Website -->
    <record id="website_star_seed" model="website">
        <field name="name">Star Seed Portal</field>
        <field name="domain">lushlabsstarseed.com</field>
        <field name="company_id" ref="base.main_company"/>
        <field name="default_lang_id" ref="base.lang_en"/>
        <field name="auto_redirect_lang" eval="False"/>
        <field name="cookies_bar" eval="True"/>
        <field name="configurator_done" eval="True"/>
        <field name="social_twitter">https://twitter.com/lushlabsnatural</field>
        <field name="social_facebook">https://facebook.com/lushlabsnatural</field>
        <field name="social_instagram">https://instagram.com/lushlabsnatural</field>
    </record>

    <!-- Its Sugar Website -->
    <record id="website_its_sugar" model="website">
        <field name="name">Its Sugar Portal</field>
        <field name="domain">lushlabsitssugar.com</field>
        <field name="company_id" ref="base.main_company"/>
        <field name="default_lang_id" ref="base.lang_en"/>
        <field name="auto_redirect_lang" eval="False"/>
        <field name="cookies_bar" eval="True"/>
        <field name="configurator_done" eval="True"/>
        <field name="social_twitter">https://twitter.com/lushlabsnatural</field>
        <field name="social_facebook">https://facebook.com/lushlabsnatural</field>
        <field name="social_instagram">https://instagram.com/lushlabsnatural</field>
    </record>

    <!-- Star Seed Menu Structure -->
    <record id="menu_star_seed_home" model="website.menu">
        <field name="name">Home</field>
        <field name="url">/</field>
        <field name="parent_id" ref="website.main_menu"/>
        <field name="website_id" ref="website_star_seed"/>
        <field name="sequence">10</field>
    </record>

    <record id="menu_star_seed_shop" model="website.menu">
        <field name="name">Shop</field>
        <field name="url">/shop</field>
        <field name="parent_id" ref="website.main_menu"/>
        <field name="website_id" ref="website_star_seed"/>
        <field name="sequence">20</field>
    </record>

    <record id="menu_star_seed_orders" model="website.menu">
        <field name="name">My Orders</field>
        <field name="url">/my/orders</field>
        <field name="parent_id" ref="website.main_menu"/>
        <field name="website_id" ref="website_star_seed"/>
        <field name="sequence">30</field>
    </record>

    <record id="menu_star_seed_contact" model="website.menu">
        <field name="name">Contact</field>
        <field name="url">/contactus</field>
        <field name="parent_id" ref="website.main_menu"/>
        <field name="website_id" ref="website_star_seed"/>
        <field name="sequence">40</field>
    </record>

    <!-- Its Sugar Menu Structure -->
    <record id="menu_its_sugar_home" model="website.menu">
        <field name="name">Home</field>
        <field name="url">/</field>
        <field name="parent_id" ref="website.main_menu"/>
        <field name="website_id" ref="website_its_sugar"/>
        <field name="sequence">10</field>
    </record>

    <record id="menu_its_sugar_shop" model="website.menu">
        <field name="name">Shop</field>
        <field name="url">/shop</field>
        <field name="parent_id" ref="website.main_menu"/>
        <field name="website_id" ref="website_its_sugar"/>
        <field name="sequence">20</field>
    </record>

    <record id="menu_its_sugar_orders" model="website.menu">
        <field name="name">My Orders</field>
        <field name="url">/my/orders</field>
        <field name="parent_id" ref="website.main_menu"/>
        <field name="website_id" ref="website_its_sugar"/>
        <field name="sequence">30</field>
    </record>

    <record id="menu_its_sugar_contact" model="website.menu">
        <field name="name">Contact</field>
        <field name="url">/contactus</field>
        <field name="parent_id" ref="website.main_menu"/>
        <field name="website_id" ref="website_its_sugar"/>
        <field name="sequence">40</field>
    </record>

    <!-- Website-specific Pages -->
    <record id="page_star_seed_home" model="website.page">
        <field name="name">Star Seed Home</field>
        <field name="type">qweb</field>
        <field name="url">/</field>
        <field name="website_id" ref="website_star_seed"/>
        <field name="key">website_multi_portal_module.star_seed_homepage</field>
        <field name="arch" type="xml">
            <t name="Star Seed Home" t-name="website_multi_portal_module.star_seed_homepage">
                <t t-call="website.layout">
                    <div id="wrap" class="oe_structure oe_empty">
                        <section class="s_banner pt-5 pb-5" style="background: linear-gradient(135deg, #667eea 0%, #764ba2 100%);">
                            <div class="container">
                                <div class="row align-items-center">
                                    <div class="col-lg-6 text-white">
                                        <h1 class="display-4 font-weight-bold mb-4">Welcome to Star Seed</h1>
                                        <p class="lead mb-4">Premium natural skincare solutions crafted with care and precision.</p>
                                        <a href="/shop" class="btn btn-light btn-lg">Shop Now</a>
                                    </div>
                                    <div class="col-lg-6">
                                        <img src="/web/image/website.library_image_03" class="img-fluid rounded" alt="Star Seed Products"/>
                                    </div>
                                </div>
                            </div>
                        </section>
                    </div>
                </t>
            </t>
        </field>
    </record>

    <record id="page_its_sugar_home" model="website.page">
        <field name="name">Its Sugar Home</field>
        <field name="type">qweb</field>
        <field name="url">/</field>
        <field name="website_id" ref="website_its_sugar"/>
        <field name="key">website_multi_portal_module.its_sugar_homepage</field>
        <field name="arch" type="xml">
            <t name="Its Sugar Home" t-name="website_multi_portal_module.its_sugar_homepage">
                <t t-call="website.layout">
                    <div id="wrap" class="oe_structure oe_empty">
                        <section class="s_banner pt-5 pb-5" style="background: linear-gradient(135deg, #f093fb 0%, #f5576c 100%);">
                            <div class="container">
                                <div class="row align-items-center">
                                    <div class="col-lg-6 text-white">
                                        <h1 class="display-4 font-weight-bold mb-4">Welcome to Its Sugar</h1>
                                        <p class="lead mb-4">Sweet skincare solutions that nourish and delight your skin.</p>
                                        <a href="/shop" class="btn btn-light btn-lg">Shop Now</a>
                                    </div>
                                    <div class="col-lg-6">
                                        <img src="/web/image/website.library_image_05" class="img-fluid rounded" alt="Its Sugar Products"/>
                                    </div>
                                </div>
                            </div>
                        </section>
                    </div>
                </t>
            </t>
        </field>
    </record>
</odoo>